{"uuid":"zamg_vienna_2019_2019_simple_dense","input_features":["TL"],"output_features":["TL"],"input_shape":[1,120,5],"output_shape":[1,24,1],"periodicity":["day","year"],"normalization_mean":[14.871072984749457],"normalization_std":[8.909478032746524],"context":{"training":{"stride":6,"sampling_rate":6,"val_loss":0.37737739086151123,"val_mean_squared_error":0.09338533133268356,"val_mean_absolute_error":0.23231153190135956,"val_root_mean_squared_error":0.30559012293815613,"test_loss":0.37945157289505005,"test_mean_squared_error":0.0933842658996582,"test_mean_absolute_error":0.22947639226913452,"test_root_mean_squared_error":0.30558839440345764}}}